x,y
-75.9,36.9
-75.9,37
-75.9,37.1
-75.8,36.3
-75.8,36.4
-75.8,36.5
-75.8,36.6
-75.8,36.7
-75.8,36.8
-75.8,36.9
-75.8,37
-75.8,37.1
-75.8,37.2
-75.7,36.2
-75.7,36.3
-75.7,36.4
-75.7,36.5
-75.7,36.6
-75.7,36.7
-75.7,36.8
-75.7,36.9
-75.7,37
-75.7,37.1
-75.7,37.2
-75.7,37.3
-75.6,36
-75.6,36.1
-75.6,36.2
-75.6,36.3
-75.6,36.4
-75.6,36.5
-75.6,36.6
-75.6,36.7
-75.6,36.8
-75.6,36.9
-75.6,37
-75.6,37.1
-75.6,37.2
-75.6,37.3
-75.6,37.4
-75.6,37.5
-75.6,37.6
-75.5,35.8
-75.5,35.9
-75.5,36
-75.5,36.1
-75.5,36.2
-75.5,36.3
-75.5,36.4
-75.5,36.5
-75.5,36.6
-75.5,36.7
-75.5,36.8
-75.5,36.9
-75.5,37
-75.5,37.1
-75.5,37.2
-75.5,37.3
-75.5,37.4
-75.5,37.5
-75.5,37.6
-75.5,37.7
-75.4,35.7
-75.4,35.8
-75.4,35.9
-75.4,36
-75.4,36.1
-75.4,36.2
-75.4,36.3
-75.4,36.4
-75.4,36.5
-75.4,36.6
-75.4,36.7
-75.4,36.8
-75.4,36.9
-75.4,37
-75.4,37.1
-75.4,37.2
-75.4,37.3
-75.4,37.4
-75.4,37.5
-75.4,37.6
-75.4,37.7
-75.4,37.8
-75.3,35.7
-75.3,35.8
-75.3,35.9
-75.3,36
-75.3,36.1
-75.3,36.2
-75.3,36.3
-75.3,36.4
-75.3,36.5
-75.3,36.6
-75.3,36.7
-75.3,36.8
-75.3,36.9
-75.3,37
-75.3,37.1
-75.3,37.2
-75.3,37.3
-75.3,37.4
-75.3,37.5
-75.3,37.6
-75.3,37.7
-75.3,37.8
-75.3,37.9
-75.2,35.7
-75.2,35.8
-75.2,35.9
-75.2,36
-75.2,36.1
-75.2,36.2
-75.2,36.3
-75.2,36.4
-75.2,36.5
-75.2,36.6
-75.2,36.7
-75.2,36.8
-75.2,36.9
-75.2,37
-75.2,37.1
-75.2,37.2
-75.2,37.3
-75.2,37.4
-75.2,37.5
-75.2,37.6
-75.2,37.7
-75.2,37.8
-75.2,37.9
-75.2,38
-75.1,35.7
-75.1,35.8
-75.1,35.9
-75.1,36
-75.1,36.1
-75.1,36.2
-75.1,36.3
-75.1,36.4
-75.1,36.5
-75.1,36.6
-75.1,36.7
-75.1,36.8
-75.1,36.9
-75.1,37
-75.1,37.1
-75.1,37.2
-75.1,37.3
-75.1,37.4
-75.1,37.5
-75.1,37.6
-75.1,37.7
-75.1,37.8
-75.1,37.9
-75.1,38
-75.1,38.1
-75.1,38.2
-75,35.7
-75,35.8
-75,35.9
-75,36
-75,36.1
-75,36.2
-75,36.3
-75,36.4
-75,36.5
-75,36.6
-75,36.7
-75,36.8
-75,36.9
-75,37
-75,37.1
-75,37.2
-75,37.3
-75,37.4
-75,37.5
-75,37.6
-75,37.7
-75,37.8
-75,37.9
-75,38
-75,38.1
-75,38.2
-75,38.3
-75,38.4
-75,38.5
-75,38.6
-75,38.7
-74.9,35.7
-74.9,35.8
-74.9,35.9
-74.9,36
-74.9,36.1
-74.9,36.2
-74.9,36.3
-74.9,36.4
-74.9,36.5
-74.9,36.6
-74.9,36.7
-74.9,36.8
-74.9,36.9
-74.9,37
-74.9,37.1
-74.9,37.2
-74.9,37.3
-74.9,37.4
-74.9,37.5
-74.9,37.6
-74.9,37.7
-74.9,37.8
-74.9,37.9
-74.9,38
-74.9,38.1
-74.9,38.2
-74.9,38.3
-74.9,38.4
-74.9,38.5
-74.9,38.6
-74.9,38.7
-74.9,38.8
-74.8,35.7
-74.8,35.8
-74.8,35.9
-74.8,36
-74.8,36.1
-74.8,36.2
-74.8,36.3
-74.8,36.4
-74.8,36.5
-74.8,36.6
-74.8,36.7
-74.8,36.8
-74.8,36.9
-74.8,37
-74.8,37.1
-74.8,37.2
-74.8,37.3
-74.8,37.4
-74.8,37.5
-74.8,37.6
-74.8,37.7
-74.8,37.8
-74.8,37.9
-74.8,38
-74.8,38.1
-74.8,38.2
-74.8,38.3
-74.8,38.4
-74.8,38.5
-74.8,38.6
-74.8,38.7
-74.8,38.8
-74.8,38.9
-74.8,39
-74.7,35.7
-74.7,35.8
-74.7,35.9
-74.7,36
-74.7,36.1
-74.7,36.2
-74.7,36.3
-74.7,36.4
-74.7,36.5
-74.7,36.6
-74.7,36.7
-74.7,36.8
-74.7,36.9
-74.7,37
-74.7,37.1
-74.7,37.2
-74.7,37.3
-74.7,37.4
-74.7,37.5
-74.7,37.6
-74.7,37.7
-74.7,37.8
-74.7,37.9
-74.7,38
-74.7,38.1
-74.7,38.2
-74.7,38.3
-74.7,38.4
-74.7,38.5
-74.7,38.6
-74.7,38.7
-74.7,38.8
-74.7,38.9
-74.7,39
-74.6,36.3
-74.6,36.4
-74.6,36.5
-74.6,36.6
-74.6,36.7
-74.6,36.8
-74.6,36.9
-74.6,37
-74.6,37.1
-74.6,37.2
-74.6,37.3
-74.6,37.4
-74.6,37.5
-74.6,37.6
-74.6,37.7
-74.6,37.8
-74.6,37.9
-74.6,38
-74.6,38.1
-74.6,38.2
-74.6,38.3
-74.6,38.4
-74.6,38.5
-74.6,38.6
-74.6,38.7
-74.6,38.8
-74.6,38.9
-74.6,39
-74.6,39.1
-74.6,39.2
-74.5,36.3
-74.5,36.4
-74.5,36.5
-74.5,36.6
-74.5,36.7
-74.5,36.8
-74.5,36.9
-74.5,37
-74.5,37.1
-74.5,37.2
-74.5,37.3
-74.5,37.4
-74.5,37.5
-74.5,37.6
-74.5,37.7
-74.5,37.8
-74.5,37.9
-74.5,38
-74.5,38.1
-74.5,38.2
-74.5,38.3
-74.5,38.4
-74.5,38.5
-74.5,38.6
-74.5,38.7
-74.5,38.8
-74.5,38.9
-74.5,39
-74.5,39.1
-74.5,39.2
-74.4,36.9
-74.4,37
-74.4,37.1
-74.4,37.2
-74.4,37.3
-74.4,37.4
-74.4,37.5
-74.4,37.6
-74.4,37.7
-74.4,37.8
-74.4,37.9
-74.4,38
-74.4,38.1
-74.4,38.2
-74.4,38.3
-74.4,38.4
-74.4,38.5
-74.4,38.6
-74.4,38.7
-74.4,38.8
-74.4,38.9
-74.4,39
-74.4,39.1
-74.4,39.2
-74.4,39.3
-74.3,37.4
-74.3,37.5
-74.3,37.6
-74.3,37.7
-74.3,37.8
-74.3,37.9
-74.3,38
-74.3,38.1
-74.3,38.2
-74.3,38.3
-74.3,38.4
-74.3,38.5
-74.3,38.6
-74.3,38.7
-74.3,38.8
-74.3,38.9
-74.3,39
-74.3,39.1
-74.3,39.2
-74.3,39.3
-74.3,39.4
-74.2,37.4
-74.2,37.5
-74.2,37.6
-74.2,37.7
-74.2,37.8
-74.2,37.9
-74.2,38
-74.2,38.1
-74.2,38.2
-74.2,38.3
-74.2,38.4
-74.2,38.5
-74.2,38.6
-74.2,38.7
-74.2,38.8
-74.2,38.9
-74.2,39
-74.2,39.1
-74.2,39.2
-74.2,39.3
-74.2,39.4
-74.2,39.5
-74.1,37.6
-74.1,37.7
-74.1,37.8
-74.1,37.9
-74.1,38
-74.1,38.1
-74.1,38.2
-74.1,38.3
-74.1,38.4
-74.1,38.5
-74.1,38.6
-74.1,38.7
-74.1,38.8
-74.1,38.9
-74.1,39
-74.1,39.1
-74.1,39.2
-74.1,39.3
-74.1,39.4
-74.1,39.5
-74.1,39.6
-74,37.6
-74,37.7
-74,37.8
-74,37.9
-74,38
-74,38.1
-74,38.2
-74,38.3
-74,38.4
-74,38.5
-74,38.6
-74,38.7
-74,38.8
-74,38.9
-74,39
-74,39.1
-74,39.2
-74,39.3
-74,39.4
-74,39.5
-74,39.6
-74,39.7
-74,39.8
-74,39.9
-74,40
-74,40.1
-73.9,37.8
-73.9,37.9
-73.9,38
-73.9,38.1
-73.9,38.2
-73.9,38.3
-73.9,38.4
-73.9,38.5
-73.9,38.6
-73.9,38.7
-73.9,38.8
-73.9,38.9
-73.9,39
-73.9,39.1
-73.9,39.2
-73.9,39.3
-73.9,39.4
-73.9,39.5
-73.9,39.6
-73.9,39.7
-73.9,39.8
-73.9,39.9
-73.9,40
-73.9,40.1
-73.9,40.2
-73.9,40.3
-73.9,40.4
-73.9,40.5
-73.8,37.8
-73.8,37.9
-73.8,38
-73.8,38.1
-73.8,38.2
-73.8,38.3
-73.8,38.4
-73.8,38.5
-73.8,38.6
-73.8,38.7
-73.8,38.8
-73.8,38.9
-73.8,39
-73.8,39.1
-73.8,39.2
-73.8,39.3
-73.8,39.4
-73.8,39.5
-73.8,39.6
-73.8,39.7
-73.8,39.8
-73.8,39.9
-73.8,40
-73.8,40.1
-73.8,40.2
-73.8,40.3
-73.8,40.4
-73.8,40.5
-73.7,38
-73.7,38.1
-73.7,38.2
-73.7,38.3
-73.7,38.4
-73.7,38.5
-73.7,38.6
-73.7,38.7
-73.7,38.8
-73.7,38.9
-73.7,39
-73.7,39.1
-73.7,39.2
-73.7,39.3
-73.7,39.4
-73.7,39.5
-73.7,39.6
-73.7,39.7
-73.7,39.8
-73.7,39.9
-73.7,40
-73.7,40.1
-73.7,40.2
-73.7,40.3
-73.7,40.4
-73.7,40.5
-73.6,38.1
-73.6,38.2
-73.6,38.3
-73.6,38.4
-73.6,38.5
-73.6,38.6
-73.6,38.7
-73.6,38.8
-73.6,38.9
-73.6,39
-73.6,39.1
-73.6,39.2
-73.6,39.3
-73.6,39.4
-73.6,39.5
-73.6,39.6
-73.6,39.7
-73.6,39.8
-73.6,39.9
-73.6,40
-73.6,40.1
-73.6,40.2
-73.6,40.3
-73.6,40.4
-73.6,40.5
-73.5,38.1
-73.5,38.2
-73.5,38.3
-73.5,38.4
-73.5,38.5
-73.5,38.6
-73.5,38.7
-73.5,38.8
-73.5,38.9
-73.5,39
-73.5,39.1
-73.5,39.2
-73.5,39.3
-73.5,39.4
-73.5,39.5
-73.5,39.6
-73.5,39.7
-73.5,39.8
-73.5,39.9
-73.5,40
-73.5,40.1
-73.5,40.2
-73.5,40.3
-73.5,40.4
-73.5,40.5
-73.5,40.6
-73.4,38.3
-73.4,38.4
-73.4,38.5
-73.4,38.6
-73.4,38.7
-73.4,38.8
-73.4,38.9
-73.4,39
-73.4,39.1
-73.4,39.2
-73.4,39.3
-73.4,39.4
-73.4,39.5
-73.4,39.6
-73.4,39.7
-73.4,39.8
-73.4,39.9
-73.4,40
-73.4,40.1
-73.4,40.2
-73.4,40.3
-73.4,40.4
-73.4,40.5
-73.4,40.6
-73.3,38.3
-73.3,38.4
-73.3,38.5
-73.3,38.6
-73.3,38.7
-73.3,38.8
-73.3,38.9
-73.3,39
-73.3,39.1
-73.3,39.2
-73.3,39.3
-73.3,39.4
-73.3,39.5
-73.3,39.6
-73.3,39.7
-73.3,39.8
-73.3,39.9
-73.3,40
-73.3,40.1
-73.3,40.2
-73.3,40.3
-73.3,40.4
-73.3,40.5
-73.3,40.6
-73.2,38.3
-73.2,38.4
-73.2,38.5
-73.2,38.6
-73.2,38.7
-73.2,38.8
-73.2,38.9
-73.2,39
-73.2,39.1
-73.2,39.2
-73.2,39.3
-73.2,39.4
-73.2,39.5
-73.2,39.6
-73.2,39.7
-73.2,39.8
-73.2,39.9
-73.2,40
-73.2,40.1
-73.2,40.2
-73.2,40.3
-73.2,40.4
-73.2,40.5
-73.2,40.6
-73.1,38.5
-73.1,38.6
-73.1,38.7
-73.1,38.8
-73.1,38.9
-73.1,39
-73.1,39.1
-73.1,39.2
-73.1,39.3
-73.1,39.4
-73.1,39.5
-73.1,39.6
-73.1,39.7
-73.1,39.8
-73.1,39.9
-73.1,40
-73.1,40.1
-73.1,40.2
-73.1,40.3
-73.1,40.4
-73.1,40.5
-73.1,40.6
-73,38.5
-73,38.6
-73,38.7
-73,38.8
-73,38.9
-73,39
-73,39.1
-73,39.2
-73,39.3
-73,39.4
-73,39.5
-73,39.6
-73,39.7
-73,39.8
-73,39.9
-73,40
-73,40.1
-73,40.2
-73,40.3
-73,40.4
-73,40.5
-73,40.6
-72.9,38.7
-72.9,38.8
-72.9,38.9
-72.9,39
-72.9,39.1
-72.9,39.2
-72.9,39.3
-72.9,39.4
-72.9,39.5
-72.9,39.6
-72.9,39.7
-72.9,39.8
-72.9,39.9
-72.9,40
-72.9,40.1
-72.9,40.2
-72.9,40.3
-72.9,40.4
-72.9,40.5
-72.9,40.6
-72.9,40.7
-72.8,38.7
-72.8,38.8
-72.8,38.9
-72.8,39
-72.8,39.1
-72.8,39.2
-72.8,39.3
-72.8,39.4
-72.8,39.5
-72.8,39.6
-72.8,39.7
-72.8,39.8
-72.8,39.9
-72.8,40
-72.8,40.1
-72.8,40.2
-72.8,40.3
-72.8,40.4
-72.8,40.5
-72.8,40.6
-72.8,40.7
-72.7,38.7
-72.7,38.8
-72.7,38.9
-72.7,39
-72.7,39.1
-72.7,39.2
-72.7,39.3
-72.7,39.4
-72.7,39.5
-72.7,39.6
-72.7,39.7
-72.7,39.8
-72.7,39.9
-72.7,40
-72.7,40.1
-72.7,40.2
-72.7,40.3
-72.7,40.4
-72.7,40.5
-72.7,40.6
-72.7,40.7
-72.6,38.8
-72.6,38.9
-72.6,39
-72.6,39.1
-72.6,39.2
-72.6,39.3
-72.6,39.4
-72.6,39.5
-72.6,39.6
-72.6,39.7
-72.6,39.8
-72.6,39.9
-72.6,40
-72.6,40.1
-72.6,40.2
-72.6,40.3
-72.6,40.4
-72.6,40.5
-72.6,40.6
-72.6,40.7
-72.6,40.8
-72.5,39
-72.5,39.1
-72.5,39.2
-72.5,39.3
-72.5,39.4
-72.5,39.5
-72.5,39.6
-72.5,39.7
-72.5,39.8
-72.5,39.9
-72.5,40
-72.5,40.1
-72.5,40.2
-72.5,40.3
-72.5,40.4
-72.5,40.5
-72.5,40.6
-72.5,40.7
-72.5,40.8
-72.4,39
-72.4,39.1
-72.4,39.2
-72.4,39.3
-72.4,39.4
-72.4,39.5
-72.4,39.6
-72.4,39.7
-72.4,39.8
-72.4,39.9
-72.4,40
-72.4,40.1
-72.4,40.2
-72.4,40.3
-72.4,40.4
-72.4,40.5
-72.4,40.6
-72.4,40.7
-72.4,40.8
-72.3,39
-72.3,39.1
-72.3,39.2
-72.3,39.3
-72.3,39.4
-72.3,39.5
-72.3,39.6
-72.3,39.7
-72.3,39.8
-72.3,39.9
-72.3,40
-72.3,40.1
-72.3,40.2
-72.3,40.3
-72.3,40.4
-72.3,40.5
-72.3,40.6
-72.3,40.7
-72.3,40.8
-72.2,39
-72.2,39.1
-72.2,39.2
-72.2,39.3
-72.2,39.4
-72.2,39.5
-72.2,39.6
-72.2,39.7
-72.2,39.8
-72.2,39.9
-72.2,40
-72.2,40.1
-72.2,40.2
-72.2,40.3
-72.2,40.4
-72.2,40.5
-72.2,40.6
-72.2,40.7
-72.2,40.8
-72.2,40.9
-72.1,39.5
-72.1,39.6
-72.1,39.7
-72.1,39.8
-72.1,39.9
-72.1,40
-72.1,40.1
-72.1,40.2
-72.1,40.3
-72.1,40.4
-72.1,40.5
-72.1,40.6
-72.1,40.7
-72.1,40.8
-72.1,40.9
-72,39.5
-72,39.6
-72,39.7
-72,39.8
-72,39.9
-72,40
-72,40.1
-72,40.2
-72,40.3
-72,40.4
-72,40.5
-72,40.6
-72,40.7
-72,40.8
-72,40.9
-72,41
-71.9,39.5
-71.9,39.6
-71.9,39.7
-71.9,39.8
-71.9,39.9
-71.9,40
-71.9,40.1
-71.9,40.2
-71.9,40.3
-71.9,40.4
-71.9,40.5
-71.9,40.6
-71.9,40.7
-71.9,40.8
-71.9,40.9
-71.9,41
-71.9,41.1
-71.9,41.2
-71.8,39.5
-71.8,39.6
-71.8,39.7
-71.8,39.8
-71.8,39.9
-71.8,40
-71.8,40.1
-71.8,40.2
-71.8,40.3
-71.8,40.4
-71.8,40.5
-71.8,40.6
-71.8,40.7
-71.8,40.8
-71.8,40.9
-71.8,41
-71.8,41.1
-71.8,41.2
-71.8,41.3
-71.7,39.7
-71.7,39.8
-71.7,39.9
-71.7,40
-71.7,40.1
-71.7,40.2
-71.7,40.3
-71.7,40.4
-71.7,40.5
-71.7,40.6
-71.7,40.7
-71.7,40.8
-71.7,40.9
-71.7,41
-71.7,41.1
-71.7,41.2
-71.7,41.3
-71.6,39.7
-71.6,39.8
-71.6,39.9
-71.6,40
-71.6,40.1
-71.6,40.2
-71.6,40.3
-71.6,40.4
-71.6,40.5
-71.6,40.6
-71.6,40.7
-71.6,40.8
-71.6,40.9
-71.6,41
-71.6,41.1
-71.6,41.3
-71.5,39.7
-71.5,39.8
-71.5,39.9
-71.5,40
-71.5,40.1
-71.5,40.2
-71.5,40.3
-71.5,40.4
-71.5,40.5
-71.5,40.6
-71.5,40.7
-71.5,40.8
-71.5,40.9
-71.5,41
-71.5,41.1
-71.5,41.2
-71.5,41.3
-71.4,39.7
-71.4,39.8
-71.4,39.9
-71.4,40
-71.4,40.1
-71.4,40.2
-71.4,40.3
-71.4,40.4
-71.4,40.5
-71.4,40.6
-71.4,40.7
-71.4,40.8
-71.4,40.9
-71.4,41
-71.4,41.1
-71.4,41.2
-71.4,41.3
-71.4,41.4
-71.3,39.7
-71.3,39.8
-71.3,39.9
-71.3,40
-71.3,40.1
-71.3,40.2
-71.3,40.3
-71.3,40.4
-71.3,40.5
-71.3,40.6
-71.3,40.7
-71.3,40.8
-71.3,40.9
-71.3,41
-71.3,41.1
-71.3,41.2
-71.3,41.3
-71.3,41.4
-71.2,39.7
-71.2,39.8
-71.2,39.9
-71.2,40
-71.2,40.1
-71.2,40.2
-71.2,40.3
-71.2,40.4
-71.2,40.5
-71.2,40.6
-71.2,40.7
-71.2,40.8
-71.2,40.9
-71.2,41
-71.2,41.1
-71.2,41.2
-71.2,41.3
-71.2,41.4
-71.1,39.7
-71.1,39.8
-71.1,39.9
-71.1,40
-71.1,40.1
-71.1,40.2
-71.1,40.3
-71.1,40.4
-71.1,40.5
-71.1,40.6
-71.1,40.7
-71.1,40.8
-71.1,40.9
-71.1,41
-71.1,41.1
-71.1,41.2
-71.1,41.3
-71.1,41.4
-71,39.7
-71,39.8
-71,39.9
-71,40
-71,40.1
-71,40.2
-71,40.3
-71,40.4
-71,40.5
-71,40.6
-71,40.7
-71,40.8
-71,40.9
-71,41
-71,41.1
-71,41.2
-71,41.3
-71,41.4
-71,41.5
-70.9,39.8
-70.9,39.9
-70.9,40
-70.9,40.1
-70.9,40.2
-70.9,40.3
-70.9,40.4
-70.9,40.5
-70.9,40.6
-70.9,40.7
-70.9,40.8
-70.9,40.9
-70.9,41
-70.9,41.1
-70.9,41.2
-70.9,41.3
-70.9,41.4
-70.9,41.5
-70.8,39.7
-70.8,39.8
-70.8,39.9
-70.8,40
-70.8,40.1
-70.8,40.2
-70.8,40.3
-70.8,40.4
-70.8,40.5
-70.8,40.6
-70.8,40.7
-70.8,40.8
-70.8,40.9
-70.8,41
-70.8,41.1
-70.8,41.2
-70.8,41.3
-70.8,41.4
-70.8,41.5
-70.8,41.6
-70.8,42.3
-70.8,42.4
-70.8,42.5
-70.7,39.7
-70.7,39.8
-70.7,39.9
-70.7,40
-70.7,40.1
-70.7,40.2
-70.7,40.3
-70.7,40.4
-70.7,40.5
-70.7,40.6
-70.7,40.7
-70.7,40.8
-70.7,40.9
-70.7,41
-70.7,41.1
-70.7,41.2
-70.7,41.3
-70.7,41.5
-70.7,41.6
-70.7,42.3
-70.7,42.4
-70.7,42.5
-70.7,42.8
-70.7,42.9
-70.7,43
-70.7,43.1
-70.6,39.7
-70.6,39.8
-70.6,39.9
-70.6,40
-70.6,40.1
-70.6,40.2
-70.6,40.3
-70.6,40.4
-70.6,40.5
-70.6,40.6
-70.6,40.7
-70.6,40.8
-70.6,40.9
-70.6,41
-70.6,41.1
-70.6,41.2
-70.6,41.3
-70.6,41.5
-70.6,42
-70.6,42.1
-70.6,42.2
-70.6,42.3
-70.6,42.4
-70.6,42.5
-70.6,42.6
-70.6,42.7
-70.6,42.8
-70.6,42.9
-70.6,43
-70.6,43.1
-70.5,39.7
-70.5,39.8
-70.5,39.9
-70.5,40
-70.5,40.1
-70.5,40.2
-70.5,40.3
-70.5,40.4
-70.5,40.5
-70.5,40.6
-70.5,40.7
-70.5,40.8
-70.5,40.9
-70.5,41
-70.5,41.1
-70.5,41.2
-70.5,41.3
-70.5,41.5
-70.5,41.9
-70.5,42
-70.5,42.1
-70.5,42.2
-70.5,42.3
-70.5,42.4
-70.5,42.5
-70.5,42.6
-70.5,42.7
-70.5,42.8
-70.5,42.9
-70.5,43
-70.5,43.1
-70.5,43.2
-70.5,43.3
-70.4,39.7
-70.4,39.8
-70.4,39.9
-70.4,40
-70.4,40.1
-70.4,40.2
-70.4,40.3
-70.4,40.4
-70.4,40.5
-70.4,40.6
-70.4,40.7
-70.4,40.8
-70.4,40.9
-70.4,41
-70.4,41.1
-70.4,41.2
-70.4,41.3
-70.4,41.4
-70.4,41.5
-70.4,41.6
-70.4,41.8
-70.4,41.9
-70.4,42
-70.4,42.1
-70.4,42.2
-70.4,42.3
-70.4,42.4
-70.4,42.5
-70.4,42.6
-70.4,42.7
-70.4,42.8
-70.4,42.9
-70.4,43
-70.4,43.1
-70.4,43.2
-70.4,43.3
-70.3,39.7
-70.3,39.8
-70.3,39.9
-70.3,40
-70.3,40.1
-70.3,40.2
-70.3,40.3
-70.3,40.4
-70.3,40.5
-70.3,40.6
-70.3,40.7
-70.3,40.8
-70.3,40.9
-70.3,41
-70.3,41.1
-70.3,41.2
-70.3,41.3
-70.3,41.4
-70.3,41.5
-70.3,41.6
-70.3,41.8
-70.3,41.9
-70.3,42
-70.3,42.1
-70.3,42.2
-70.3,42.3
-70.3,42.4
-70.3,42.5
-70.3,42.6
-70.3,42.7
-70.3,42.8
-70.3,42.9
-70.3,43
-70.3,43.1
-70.3,43.2
-70.3,43.3
-70.3,43.4
-70.3,43.5
-70.2,39.7
-70.2,39.8
-70.2,39.9
-70.2,40
-70.2,40.1
-70.2,40.2
-70.2,40.3
-70.2,40.4
-70.2,40.5
-70.2,40.6
-70.2,40.7
-70.2,40.8
-70.2,40.9
-70.2,41
-70.2,41.1
-70.2,41.2
-70.2,41.3
-70.2,41.4
-70.2,41.5
-70.2,41.6
-70.2,41.8
-70.2,41.9
-70.2,42
-70.2,42.2
-70.2,42.3
-70.2,42.4
-70.2,42.5
-70.2,42.6
-70.2,42.7
-70.2,42.8
-70.2,42.9
-70.2,43
-70.2,43.1
-70.2,43.2
-70.2,43.3
-70.2,43.4
-70.2,43.5
-70.2,43.6
-70.1,39.7
-70.1,39.8
-70.1,39.9
-70.1,40
-70.1,40.1
-70.1,40.2
-70.1,40.3
-70.1,40.4
-70.1,40.5
-70.1,40.6
-70.1,40.7
-70.1,40.8
-70.1,40.9
-70.1,41
-70.1,41.1
-70.1,41.2
-70.1,41.4
-70.1,41.5
-70.1,41.6
-70.1,41.8
-70.1,41.9
-70.1,42.1
-70.1,42.2
-70.1,42.3
-70.1,42.4
-70.1,42.5
-70.1,42.6
-70.1,42.7
-70.1,42.8
-70.1,42.9
-70.1,43
-70.1,43.1
-70.1,43.2
-70.1,43.3
-70.1,43.4
-70.1,43.5
-70.1,43.6
-70.1,43.7
-70,39.7
-70,39.8
-70,39.9
-70,40
-70,40.1
-70,40.2
-70,40.3
-70,40.4
-70,40.5
-70,40.6
-70,40.7
-70,40.8
-70,40.9
-70,41
-70,41.1
-70,41.2
-70,41.4
-70,41.5
-70,41.8
-70,42
-70,42.1
-70,42.2
-70,42.3
-70,42.4
-70,42.5
-70,42.6
-70,42.7
-70,42.8
-70,42.9
-70,43
-70,43.1
-70,43.2
-70,43.3
-70,43.4
-70,43.5
-70,43.6
-70,43.7
-69.9,39.7
-69.9,39.8
-69.9,39.9
-69.9,40
-69.9,40.1
-69.9,40.2
-69.9,40.3
-69.9,40.4
-69.9,40.5
-69.9,40.6
-69.9,40.7
-69.9,40.8
-69.9,40.9
-69.9,41
-69.9,41.1
-69.9,41.2
-69.9,41.3
-69.9,41.4
-69.9,41.5
-69.9,41.6
-69.9,41.7
-69.9,41.8
-69.9,41.9
-69.9,42
-69.9,42.1
-69.9,42.2
-69.9,42.3
-69.9,42.4
-69.9,42.5
-69.9,42.6
-69.9,42.7
-69.9,42.8
-69.9,42.9
-69.9,43
-69.9,43.1
-69.9,43.2
-69.9,43.3
-69.9,43.4
-69.9,43.5
-69.9,43.6
-69.9,43.7
-69.8,39.7
-69.8,39.8
-69.8,39.9
-69.8,40
-69.8,40.1
-69.8,40.2
-69.8,40.3
-69.8,40.4
-69.8,40.5
-69.8,40.6
-69.8,40.7
-69.8,40.8
-69.8,40.9
-69.8,41
-69.8,41.1
-69.8,41.2
-69.8,41.3
-69.8,41.4
-69.8,41.5
-69.8,41.6
-69.8,41.7
-69.8,41.8
-69.8,41.9
-69.8,42
-69.8,42.1
-69.8,42.2
-69.8,42.3
-69.8,42.4
-69.8,42.5
-69.8,42.6
-69.8,42.7
-69.8,42.8
-69.8,42.9
-69.8,43
-69.8,43.1
-69.8,43.2
-69.8,43.3
-69.8,43.4
-69.8,43.5
-69.8,43.6
-69.8,43.7
-69.7,39.7
-69.7,39.8
-69.7,39.9
-69.7,40
-69.7,40.1
-69.7,40.2
-69.7,40.3
-69.7,40.4
-69.7,40.5
-69.7,40.6
-69.7,40.7
-69.7,40.8
-69.7,40.9
-69.7,41
-69.7,41.1
-69.7,41.2
-69.7,41.3
-69.7,41.4
-69.7,41.5
-69.7,41.6
-69.7,41.7
-69.7,41.8
-69.7,41.9
-69.7,42
-69.7,42.1
-69.7,42.2
-69.7,42.3
-69.7,42.4
-69.7,42.5
-69.7,42.6
-69.7,42.7
-69.7,42.8
-69.7,42.9
-69.7,43
-69.7,43.1
-69.7,43.2
-69.7,43.3
-69.7,43.4
-69.7,43.5
-69.7,43.6
-69.7,43.7
-69.6,39.7
-69.6,39.8
-69.6,39.9
-69.6,40
-69.6,40.1
-69.6,40.2
-69.6,40.3
-69.6,40.4
-69.6,40.5
-69.6,40.6
-69.6,40.7
-69.6,40.8
-69.6,40.9
-69.6,41
-69.6,41.1
-69.6,41.2
-69.6,41.3
-69.6,41.4
-69.6,41.5
-69.6,41.6
-69.6,41.7
-69.6,41.8
-69.6,41.9
-69.6,42
-69.6,42.1
-69.6,42.2
-69.6,42.3
-69.6,42.4
-69.6,42.5
-69.6,42.6
-69.6,42.7
-69.6,42.8
-69.6,42.9
-69.6,43
-69.6,43.1
-69.6,43.2
-69.6,43.3
-69.6,43.4
-69.6,43.5
-69.6,43.6
-69.6,43.7
-69.6,43.8
-69.5,39.7
-69.5,39.8
-69.5,39.9
-69.5,40
-69.5,40.1
-69.5,40.2
-69.5,40.3
-69.5,40.4
-69.5,40.5
-69.5,40.6
-69.5,40.7
-69.5,40.8
-69.5,40.9
-69.5,41
-69.5,41.1
-69.5,41.2
-69.5,41.3
-69.5,41.4
-69.5,41.5
-69.5,41.6
-69.5,41.7
-69.5,41.8
-69.5,41.9
-69.5,42
-69.5,42.1
-69.5,42.2
-69.5,42.3
-69.5,42.4
-69.5,42.5
-69.5,42.6
-69.5,42.7
-69.5,42.8
-69.5,42.9
-69.5,43
-69.5,43.1
-69.5,43.2
-69.5,43.3
-69.5,43.4
-69.5,43.5
-69.5,43.6
-69.5,43.7
-69.5,43.8
-69.4,39.7
-69.4,39.8
-69.4,39.9
-69.4,40
-69.4,40.1
-69.4,40.2
-69.4,40.3
-69.4,40.4
-69.4,40.5
-69.4,40.6
-69.4,40.7
-69.4,40.8
-69.4,40.9
-69.4,41
-69.4,41.1
-69.4,41.2
-69.4,41.3
-69.4,41.4
-69.4,41.5
-69.4,41.6
-69.4,41.7
-69.4,41.8
-69.4,41.9
-69.4,42
-69.4,42.1
-69.4,42.2
-69.4,42.3
-69.4,42.4
-69.4,42.5
-69.4,42.6
-69.4,42.7
-69.4,42.8
-69.4,42.9
-69.4,43
-69.4,43.1
-69.4,43.2
-69.4,43.3
-69.4,43.4
-69.4,43.5
-69.4,43.6
-69.4,43.7
-69.4,43.8
-69.4,43.9
-69.3,39.7
-69.3,39.8
-69.3,39.9
-69.3,40
-69.3,40.1
-69.3,40.2
-69.3,40.3
-69.3,40.4
-69.3,40.5
-69.3,40.6
-69.3,40.7
-69.3,40.8
-69.3,40.9
-69.3,41
-69.3,41.1
-69.3,41.2
-69.3,41.3
-69.3,41.4
-69.3,41.5
-69.3,41.6
-69.3,41.7
-69.3,41.8
-69.3,41.9
-69.3,42
-69.3,42.1
-69.3,42.2
-69.3,42.3
-69.3,42.4
-69.3,42.5
-69.3,42.6
-69.3,42.7
-69.3,42.8
-69.3,42.9
-69.3,43
-69.3,43.1
-69.3,43.2
-69.3,43.3
-69.3,43.4
-69.3,43.5
-69.3,43.6
-69.3,43.7
-69.3,43.8
-69.3,43.9
-69.2,39.7
-69.2,39.8
-69.2,39.9
-69.2,40
-69.2,40.1
-69.2,40.2
-69.2,40.3
-69.2,40.4
-69.2,40.5
-69.2,40.6
-69.2,40.7
-69.2,40.8
-69.2,40.9
-69.2,41
-69.2,41.1
-69.2,41.2
-69.2,41.3
-69.2,41.4
-69.2,41.5
-69.2,41.6
-69.2,41.7
-69.2,41.8
-69.2,41.9
-69.2,42
-69.2,42.1
-69.2,42.2
-69.2,42.3
-69.2,42.4
-69.2,42.5
-69.2,42.6
-69.2,42.7
-69.2,42.8
-69.2,42.9
-69.2,43
-69.2,43.1
-69.2,43.2
-69.2,43.3
-69.2,43.4
-69.2,43.5
-69.2,43.6
-69.2,43.7
-69.2,43.8
-69.2,43.9
-69.1,39.8
-69.1,39.9
-69.1,40
-69.1,40.1
-69.1,40.2
-69.1,40.3
-69.1,40.4
-69.1,40.5
-69.1,40.6
-69.1,40.7
-69.1,40.8
-69.1,40.9
-69.1,41
-69.1,41.1
-69.1,41.2
-69.1,41.3
-69.1,41.4
-69.1,41.5
-69.1,41.6
-69.1,41.7
-69.1,41.8
-69.1,41.9
-69.1,42
-69.1,42.1
-69.1,42.2
-69.1,42.3
-69.1,42.4
-69.1,42.5
-69.1,42.6
-69.1,42.7
-69.1,42.8
-69.1,42.9
-69.1,43
-69.1,43.1
-69.1,43.2
-69.1,43.3
-69.1,43.4
-69.1,43.5
-69.1,43.6
-69.1,43.7
-69.1,43.8
-69.1,43.9
-69.1,44
-69,39.8
-69,39.9
-69,40
-69,40.1
-69,40.2
-69,40.3
-69,40.4
-69,40.5
-69,40.6
-69,40.7
-69,40.8
-69,40.9
-69,41
-69,41.1
-69,41.2
-69,41.3
-69,41.4
-69,41.5
-69,41.6
-69,41.7
-69,41.8
-69,41.9
-69,42
-69,42.1
-69,42.2
-69,42.3
-69,42.4
-69,42.5
-69,42.6
-69,42.7
-69,42.8
-69,42.9
-69,43
-69,43.1
-69,43.2
-69,43.3
-69,43.4
-69,43.5
-69,43.6
-69,43.7
-69,43.8
-69,43.9
-69,44
-68.9,39.8
-68.9,39.9
-68.9,40
-68.9,40.1
-68.9,40.2
-68.9,40.3
-68.9,40.4
-68.9,40.5
-68.9,40.6
-68.9,40.7
-68.9,40.8
-68.9,40.9
-68.9,41
-68.9,41.1
-68.9,41.2
-68.9,41.3
-68.9,41.4
-68.9,41.5
-68.9,41.6
-68.9,41.7
-68.9,41.8
-68.9,41.9
-68.9,42
-68.9,42.1
-68.9,42.2
-68.9,42.3
-68.9,42.4
-68.9,42.5
-68.9,42.6
-68.9,42.7
-68.9,42.8
-68.9,42.9
-68.9,43
-68.9,43.1
-68.9,43.2
-68.9,43.3
-68.9,43.4
-68.9,43.5
-68.9,43.6
-68.9,43.7
-68.9,43.8
-68.9,43.9
-68.9,44
-68.8,39.8
-68.8,39.9
-68.8,40
-68.8,40.1
-68.8,40.2
-68.8,40.3
-68.8,40.4
-68.8,40.5
-68.8,40.6
-68.8,40.7
-68.8,40.8
-68.8,40.9
-68.8,41
-68.8,41.1
-68.8,41.2
-68.8,41.3
-68.8,41.4
-68.8,41.5
-68.8,41.6
-68.8,41.7
-68.8,41.8
-68.8,41.9
-68.8,42
-68.8,42.1
-68.8,42.2
-68.8,42.3
-68.8,42.4
-68.8,42.5
-68.8,42.6
-68.8,42.7
-68.8,42.8
-68.8,42.9
-68.8,43
-68.8,43.1
-68.8,43.2
-68.8,43.3
-68.8,43.4
-68.8,43.5
-68.8,43.6
-68.8,43.7
-68.8,43.8
-68.8,43.9
-68.8,44
-68.7,39.8
-68.7,39.9
-68.7,40
-68.7,40.1
-68.7,40.2
-68.7,40.3
-68.7,40.4
-68.7,40.5
-68.7,40.6
-68.7,40.7
-68.7,40.8
-68.7,40.9
-68.7,41
-68.7,41.1
-68.7,41.2
-68.7,41.3
-68.7,41.4
-68.7,41.5
-68.7,41.6
-68.7,41.7
-68.7,41.8
-68.7,41.9
-68.7,42
-68.7,42.1
-68.7,42.2
-68.7,42.3
-68.7,42.4
-68.7,42.5
-68.7,42.6
-68.7,42.7
-68.7,42.8
-68.7,42.9
-68.7,43
-68.7,43.1
-68.7,43.2
-68.7,43.3
-68.7,43.4
-68.7,43.5
-68.7,43.6
-68.7,43.7
-68.7,43.8
-68.7,43.9
-68.7,44
-68.7,44.1
-68.6,39.8
-68.6,39.9
-68.6,40
-68.6,40.1
-68.6,40.2
-68.6,40.3
-68.6,40.4
-68.6,40.5
-68.6,40.6
-68.6,40.7
-68.6,40.8
-68.6,40.9
-68.6,41
-68.6,41.1
-68.6,41.2
-68.6,41.3
-68.6,41.4
-68.6,41.5
-68.6,41.6
-68.6,41.7
-68.6,41.8
-68.6,41.9
-68.6,42
-68.6,42.1
-68.6,42.2
-68.6,42.3
-68.6,42.4
-68.6,42.5
-68.6,42.6
-68.6,42.7
-68.6,42.8
-68.6,42.9
-68.6,43
-68.6,43.1
-68.6,43.2
-68.6,43.3
-68.6,43.4
-68.6,43.5
-68.6,43.6
-68.6,43.7
-68.6,43.8
-68.6,43.9
-68.6,44
-68.6,44.1
-68.5,40
-68.5,40.1
-68.5,40.2
-68.5,40.3
-68.5,40.4
-68.5,40.5
-68.5,40.6
-68.5,40.7
-68.5,40.8
-68.5,40.9
-68.5,41
-68.5,41.1
-68.5,41.2
-68.5,41.3
-68.5,41.4
-68.5,41.5
-68.5,41.6
-68.5,41.7
-68.5,41.8
-68.5,41.9
-68.5,42
-68.5,42.1
-68.5,42.2
-68.5,42.3
-68.5,42.4
-68.5,42.5
-68.5,42.6
-68.5,42.7
-68.5,42.8
-68.5,42.9
-68.5,43
-68.5,43.1
-68.5,43.2
-68.5,43.3
-68.5,43.4
-68.5,43.5
-68.5,43.6
-68.5,43.7
-68.5,43.8
-68.5,43.9
-68.5,44
-68.5,44.1
-68.5,44.2
-68.4,40
-68.4,40.1
-68.4,40.2
-68.4,40.3
-68.4,40.4
-68.4,40.5
-68.4,40.6
-68.4,40.7
-68.4,40.8
-68.4,40.9
-68.4,41
-68.4,41.1
-68.4,41.2
-68.4,41.3
-68.4,41.4
-68.4,41.5
-68.4,41.6
-68.4,41.7
-68.4,41.8
-68.4,41.9
-68.4,42
-68.4,42.1
-68.4,42.2
-68.4,42.3
-68.4,42.4
-68.4,42.5
-68.4,42.6
-68.4,42.7
-68.4,42.8
-68.4,42.9
-68.4,43
-68.4,43.1
-68.4,43.2
-68.4,43.3
-68.4,43.4
-68.4,43.5
-68.4,43.6
-68.4,43.7
-68.4,43.8
-68.4,43.9
-68.4,44
-68.4,44.1
-68.4,44.2
-68.3,40
-68.3,40.1
-68.3,40.2
-68.3,40.3
-68.3,40.4
-68.3,40.5
-68.3,40.6
-68.3,40.7
-68.3,40.8
-68.3,40.9
-68.3,41
-68.3,41.1
-68.3,41.2
-68.3,41.3
-68.3,41.4
-68.3,41.5
-68.3,41.6
-68.3,41.7
-68.3,41.8
-68.3,41.9
-68.3,42
-68.3,42.1
-68.3,42.2
-68.3,42.3
-68.3,42.4
-68.3,42.5
-68.3,42.6
-68.3,42.7
-68.3,42.8
-68.3,42.9
-68.3,43
-68.3,43.1
-68.3,43.2
-68.3,43.3
-68.3,43.4
-68.3,43.5
-68.3,43.6
-68.3,43.7
-68.3,43.8
-68.3,43.9
-68.3,44
-68.3,44.1
-68.3,44.2
-68.2,40
-68.2,40.1
-68.2,40.2
-68.2,40.3
-68.2,40.4
-68.2,40.5
-68.2,40.6
-68.2,40.7
-68.2,40.8
-68.2,40.9
-68.2,41
-68.2,41.1
-68.2,41.2
-68.2,41.3
-68.2,41.4
-68.2,41.5
-68.2,41.6
-68.2,41.7
-68.2,41.8
-68.2,41.9
-68.2,42
-68.2,42.1
-68.2,42.2
-68.2,42.3
-68.2,42.4
-68.2,42.5
-68.2,42.6
-68.2,42.7
-68.2,42.8
-68.2,42.9
-68.2,43
-68.2,43.1
-68.2,43.2
-68.2,43.3
-68.2,43.4
-68.2,43.5
-68.2,43.6
-68.2,43.7
-68.2,43.8
-68.2,43.9
-68.2,44
-68.2,44.1
-68.2,44.2
-68.2,44.3
-68.1,40
-68.1,40.1
-68.1,40.2
-68.1,40.3
-68.1,40.4
-68.1,40.5
-68.1,40.6
-68.1,40.7
-68.1,40.8
-68.1,40.9
-68.1,41
-68.1,41.1
-68.1,41.2
-68.1,41.3
-68.1,41.4
-68.1,41.5
-68.1,41.6
-68.1,41.7
-68.1,41.8
-68.1,41.9
-68.1,42
-68.1,42.1
-68.1,42.2
-68.1,42.3
-68.1,42.4
-68.1,42.5
-68.1,42.6
-68.1,42.7
-68.1,42.8
-68.1,42.9
-68.1,43
-68.1,43.1
-68.1,43.2
-68.1,43.3
-68.1,43.4
-68.1,43.5
-68.1,43.6
-68.1,43.7
-68.1,43.8
-68.1,43.9
-68.1,44
-68.1,44.1
-68.1,44.2
-68.1,44.3
-68,40.2
-68,40.3
-68,40.4
-68,40.5
-68,40.6
-68,40.7
-68,40.8
-68,40.9
-68,41
-68,41.1
-68,41.2
-68,41.3
-68,41.4
-68,41.5
-68,41.6
-68,41.7
-68,41.8
-68,41.9
-68,42
-68,42.1
-68,42.2
-68,42.3
-68,42.4
-68,42.5
-68,42.6
-68,42.7
-68,42.8
-68,42.9
-68,43
-68,43.1
-68,43.2
-68,43.3
-68,43.4
-68,43.5
-68,43.6
-68,43.7
-68,43.8
-68,43.9
-68,44
-68,44.1
-68,44.2
-68,44.3
-67.9,40.2
-67.9,40.3
-67.9,40.4
-67.9,40.5
-67.9,40.6
-67.9,40.7
-67.9,40.8
-67.9,40.9
-67.9,41
-67.9,41.1
-67.9,41.2
-67.9,41.3
-67.9,41.4
-67.9,41.5
-67.9,41.6
-67.9,41.7
-67.9,41.8
-67.9,41.9
-67.9,42
-67.9,42.1
-67.9,42.2
-67.9,42.3
-67.9,42.4
-67.9,42.5
-67.9,42.6
-67.9,42.7
-67.9,42.8
-67.9,42.9
-67.9,43
-67.9,43.1
-67.9,43.2
-67.9,43.3
-67.9,43.4
-67.9,43.5
-67.9,43.6
-67.9,43.7
-67.9,43.8
-67.9,43.9
-67.9,44
-67.9,44.1
-67.9,44.2
-67.9,44.3
-67.8,40.2
-67.8,40.3
-67.8,40.4
-67.8,40.5
-67.8,40.6
-67.8,40.7
-67.8,40.8
-67.8,40.9
-67.8,41
-67.8,41.1
-67.8,41.2
-67.8,41.3
-67.8,41.4
-67.8,41.5
-67.8,41.6
-67.8,41.7
-67.8,41.8
-67.8,41.9
-67.8,42
-67.8,42.1
-67.8,42.2
-67.8,42.3
-67.8,42.4
-67.8,42.5
-67.8,42.6
-67.8,42.7
-67.8,42.8
-67.8,42.9
-67.8,43
-67.8,43.1
-67.8,43.2
-67.8,43.3
-67.8,43.4
-67.8,43.5
-67.8,43.6
-67.8,43.7
-67.8,43.8
-67.8,43.9
-67.8,44
-67.8,44.1
-67.8,44.2
-67.8,44.3
-67.8,44.4
-67.8,44.5
-67.7,40.2
-67.7,40.3
-67.7,40.4
-67.7,40.5
-67.7,40.6
-67.7,40.7
-67.7,40.8
-67.7,40.9
-67.7,41
-67.7,41.1
-67.7,41.2
-67.7,41.3
-67.7,41.4
-67.7,41.5
-67.7,41.6
-67.7,41.7
-67.7,41.8
-67.7,41.9
-67.7,42
-67.7,42.1
-67.7,42.2
-67.7,42.3
-67.7,42.4
-67.7,42.5
-67.7,42.6
-67.7,42.7
-67.7,42.8
-67.7,42.9
-67.7,43
-67.7,43.1
-67.7,43.2
-67.7,43.3
-67.7,43.4
-67.7,43.5
-67.7,43.6
-67.7,43.7
-67.7,43.8
-67.7,43.9
-67.7,44
-67.7,44.1
-67.7,44.2
-67.7,44.3
-67.7,44.4
-67.7,44.5
-67.6,40.2
-67.6,40.3
-67.6,40.4
-67.6,40.5
-67.6,40.6
-67.6,40.7
-67.6,40.8
-67.6,40.9
-67.6,41
-67.6,41.1
-67.6,41.2
-67.6,41.3
-67.6,41.4
-67.6,41.5
-67.6,41.6
-67.6,41.7
-67.6,41.8
-67.6,41.9
-67.6,42
-67.6,42.1
-67.6,42.2
-67.6,42.3
-67.6,42.4
-67.6,42.5
-67.6,42.6
-67.6,42.7
-67.6,42.8
-67.6,42.9
-67.6,43
-67.6,43.1
-67.6,43.2
-67.6,43.3
-67.6,43.4
-67.6,43.5
-67.6,43.6
-67.6,43.7
-67.6,43.8
-67.6,43.9
-67.6,44
-67.6,44.1
-67.6,44.2
-67.6,44.3
-67.6,44.4
-67.6,44.5
-67.5,40.2
-67.5,40.3
-67.5,40.4
-67.5,40.5
-67.5,40.6
-67.5,40.7
-67.5,40.8
-67.5,40.9
-67.5,41
-67.5,41.1
-67.5,41.2
-67.5,41.3
-67.5,41.4
-67.5,41.5
-67.5,41.6
-67.5,41.7
-67.5,41.8
-67.5,41.9
-67.5,42
-67.5,42.1
-67.5,42.2
-67.5,42.3
-67.5,42.4
-67.5,42.5
-67.5,42.6
-67.5,42.7
-67.5,42.8
-67.5,42.9
-67.5,43
-67.5,43.1
-67.5,43.2
-67.5,43.3
-67.5,43.4
-67.5,43.5
-67.5,43.6
-67.5,43.7
-67.5,43.8
-67.5,43.9
-67.5,44
-67.5,44.1
-67.5,44.2
-67.5,44.3
-67.5,44.4
-67.5,44.5
-67.4,40.2
-67.4,40.3
-67.4,40.4
-67.4,40.5
-67.4,40.6
-67.4,40.7
-67.4,40.8
-67.4,40.9
-67.4,41
-67.4,41.1
-67.4,41.2
-67.4,41.3
-67.4,41.4
-67.4,41.5
-67.4,41.6
-67.4,41.7
-67.4,41.8
-67.4,41.9
-67.4,42
-67.4,42.1
-67.4,42.2
-67.4,42.3
-67.4,42.4
-67.4,42.5
-67.4,42.6
-67.4,42.7
-67.4,42.8
-67.4,42.9
-67.4,43
-67.4,43.1
-67.4,43.2
-67.4,43.3
-67.4,43.4
-67.4,43.5
-67.4,43.6
-67.4,43.7
-67.4,43.8
-67.4,43.9
-67.4,44
-67.4,44.1
-67.4,44.2
-67.4,44.3
-67.4,44.4
-67.4,44.5
-67.3,40.2
-67.3,40.3
-67.3,40.4
-67.3,40.5
-67.3,40.6
-67.3,40.7
-67.3,40.8
-67.3,40.9
-67.3,41
-67.3,41.1
-67.3,41.2
-67.3,41.3
-67.3,41.4
-67.3,41.5
-67.3,41.6
-67.3,41.7
-67.3,41.8
-67.3,41.9
-67.3,42
-67.3,42.1
-67.3,42.2
-67.3,42.3
-67.3,42.4
-67.3,42.5
-67.3,42.6
-67.3,42.7
-67.3,42.8
-67.3,42.9
-67.3,43
-67.3,43.1
-67.3,43.2
-67.3,43.3
-67.3,43.4
-67.3,43.5
-67.3,43.6
-67.3,43.7
-67.3,43.8
-67.3,43.9
-67.3,44
-67.3,44.1
-67.3,44.2
-67.3,44.3
-67.3,44.4
-67.3,44.5
-67.3,44.6
-67.2,40.2
-67.2,40.3
-67.2,40.4
-67.2,40.5
-67.2,40.6
-67.2,40.7
-67.2,40.8
-67.2,40.9
-67.2,41
-67.2,41.1
-67.2,41.2
-67.2,41.3
-67.2,41.4
-67.2,41.5
-67.2,41.6
-67.2,41.7
-67.2,41.8
-67.2,41.9
-67.2,42
-67.2,42.1
-67.2,42.2
-67.2,42.3
-67.2,42.4
-67.2,42.5
-67.2,42.6
-67.2,42.7
-67.2,42.8
-67.2,42.9
-67.2,43
-67.2,43.1
-67.2,43.2
-67.2,43.3
-67.2,43.4
-67.2,43.5
-67.2,43.6
-67.2,43.7
-67.2,43.8
-67.2,43.9
-67.2,44
-67.2,44.1
-67.2,44.2
-67.2,44.3
-67.2,44.4
-67.2,44.5
-67.2,44.6
-67.1,40.4
-67.1,40.5
-67.1,40.6
-67.1,40.7
-67.1,40.8
-67.1,40.9
-67.1,41
-67.1,41.1
-67.1,41.2
-67.1,41.3
-67.1,41.4
-67.1,41.5
-67.1,41.6
-67.1,41.7
-67.1,41.8
-67.1,41.9
-67.1,42
-67.1,42.1
-67.1,42.2
-67.1,42.3
-67.1,42.4
-67.1,42.5
-67.1,42.6
-67.1,42.7
-67.1,42.8
-67.1,42.9
-67.1,43
-67.1,43.1
-67.1,43.2
-67.1,43.3
-67.1,43.4
-67.1,43.5
-67.1,43.6
-67.1,43.7
-67.1,43.8
-67.1,43.9
-67.1,44
-67.1,44.1
-67.1,44.2
-67.1,44.3
-67.1,44.4
-67.1,44.5
-67,40.4
-67,40.5
-67,40.6
-67,40.7
-67,40.8
-67,40.9
-67,41
-67,41.1
-67,41.2
-67,41.3
-67,41.4
-67,41.5
-67,41.6
-67,41.7
-67,41.8
-67,41.9
-67,42
-67,42.1
-67,42.2
-67,42.3
-67,42.4
-67,42.5
-67,42.6
-67,42.7
-67,42.8
-67,42.9
-67,43
-67,43.1
-67,43.2
-67,43.3
-67,43.4
-67,43.5
-67,43.6
-67,43.7
-67,43.8
-67,43.9
-67,44
-67,44.1
-67,44.2
-67,44.3
-67,44.4
-67,44.5
-66.9,40.4
-66.9,40.5
-66.9,40.6
-66.9,40.7
-66.9,40.8
-66.9,40.9
-66.9,41
-66.9,41.1
-66.9,41.2
-66.9,41.3
-66.9,41.4
-66.9,41.5
-66.9,41.6
-66.9,41.7
-66.9,41.8
-66.9,41.9
-66.9,42
-66.9,42.1
-66.9,42.2
-66.9,42.3
-66.9,42.4
-66.9,42.5
-66.9,42.6
-66.9,42.7
-66.9,42.8
-66.9,42.9
-66.9,43
-66.9,43.1
-66.9,43.2
-66.9,43.3
-66.9,43.4
-66.9,43.5
-66.9,43.6
-66.9,43.7
-66.9,43.8
-66.9,43.9
-66.9,44
-66.9,44.1
-66.9,44.2
-66.9,44.3
-66.9,44.4
-66.9,44.5
-66.8,40.4
-66.8,40.5
-66.8,40.6
-66.8,40.7
-66.8,40.8
-66.8,40.9
-66.8,41
-66.8,41.1
-66.8,41.2
-66.8,41.3
-66.8,41.4
-66.8,41.5
-66.8,41.6
-66.8,41.7
-66.8,41.8
-66.8,41.9
-66.8,42
-66.8,42.1
-66.8,42.2
-66.8,42.3
-66.8,42.4
-66.8,42.5
-66.8,42.6
-66.8,42.7
-66.8,42.8
-66.8,42.9
-66.8,43
-66.8,43.1
-66.8,43.2
-66.8,43.3
-66.8,43.4
-66.8,43.5
-66.8,43.6
-66.8,43.7
-66.8,43.8
-66.8,43.9
-66.8,44
-66.8,44.1
-66.8,44.2
-66.8,44.3
-66.8,44.4
-66.8,44.5
-66.7,40.6
-66.7,40.7
-66.7,40.8
-66.7,40.9
-66.7,41
-66.7,41.1
-66.7,41.2
-66.7,41.3
-66.7,41.4
-66.7,41.5
-66.7,41.6
-66.7,41.7
-66.7,41.8
-66.7,41.9
-66.7,42
-66.7,42.1
-66.7,42.2
-66.7,42.3
-66.7,42.4
-66.7,42.5
-66.7,42.6
-66.7,42.7
-66.7,42.8
-66.7,42.9
-66.7,43
-66.7,43.1
-66.7,43.2
-66.7,43.3
-66.7,43.4
-66.7,43.5
-66.7,43.6
-66.7,43.7
-66.7,43.8
-66.7,43.9
-66.7,44
-66.7,44.1
-66.7,44.2
-66.7,44.3
-66.7,44.4
-66.7,44.5
-66.6,40.6
-66.6,40.7
-66.6,40.8
-66.6,40.9
-66.6,41
-66.6,41.1
-66.6,41.2
-66.6,41.3
-66.6,41.4
-66.6,41.5
-66.6,41.6
-66.6,41.7
-66.6,41.8
-66.6,41.9
-66.6,42
-66.6,42.1
-66.6,42.2
-66.6,42.3
-66.6,42.4
-66.6,42.5
-66.6,42.6
-66.6,42.7
-66.6,42.8
-66.6,42.9
-66.6,43
-66.6,43.1
-66.6,43.2
-66.6,43.3
-66.6,43.4
-66.6,43.5
-66.6,43.6
-66.6,43.7
-66.6,43.8
-66.6,43.9
-66.6,44
-66.6,44.1
-66.6,44.2
-66.6,44.3
-66.6,44.4
-66.6,44.5
-66.5,40.6
-66.5,40.7
-66.5,40.8
-66.5,40.9
-66.5,41
-66.5,41.1
-66.5,41.2
-66.5,41.3
-66.5,41.4
-66.5,41.5
-66.5,41.6
-66.5,41.7
-66.5,41.8
-66.5,41.9
-66.5,42
-66.5,42.1
-66.5,42.2
-66.5,42.3
-66.5,42.4
-66.5,42.5
-66.5,42.6
-66.5,42.7
-66.5,42.8
-66.5,42.9
-66.5,43
-66.5,43.1
-66.5,43.2
-66.5,43.3
-66.5,43.4
-66.5,43.5
-66.5,43.6
-66.5,43.7
-66.5,43.8
-66.5,43.9
-66.5,44
-66.5,44.1
-66.5,44.2
-66.5,44.3
-66.5,44.4
-66.5,44.5
-66.4,40.8
-66.4,40.9
-66.4,41
-66.4,41.1
-66.4,41.2
-66.4,41.3
-66.4,41.4
-66.4,41.5
-66.4,41.6
-66.4,41.7
-66.4,41.8
-66.4,41.9
-66.4,42
-66.4,42.1
-66.4,42.2
-66.4,42.3
-66.4,42.4
-66.4,42.5
-66.4,42.6
-66.4,42.7
-66.4,42.8
-66.4,42.9
-66.4,43
-66.4,43.1
-66.4,43.2
-66.4,43.3
-66.4,43.4
-66.4,43.5
-66.4,43.6
-66.4,43.7
-66.4,43.8
-66.4,43.9
-66.4,44
-66.4,44.1
-66.4,44.2
-66.4,44.3
-66.4,44.4
-66.4,44.5
-66.3,40.8
-66.3,40.9
-66.3,41
-66.3,41.1
-66.3,41.2
-66.3,41.3
-66.3,41.4
-66.3,41.5
-66.3,41.6
-66.3,41.7
-66.3,41.8
-66.3,41.9
-66.3,42
-66.3,42.1
-66.3,42.2
-66.3,42.3
-66.3,42.4
-66.3,42.5
-66.3,42.6
-66.3,42.7
-66.3,42.8
-66.3,42.9
-66.3,43
-66.3,43.1
-66.3,43.2
-66.3,43.3
-66.3,43.4
-66.3,43.5
-66.3,43.6
-66.3,43.7
-66.3,43.8
-66.3,43.9
-66.3,44
-66.3,44.1
-66.3,44.2
-66.3,44.3
-66.3,44.4
-66.3,44.5
-66.2,41
-66.2,41.1
-66.2,41.2
-66.2,41.3
-66.2,41.4
-66.2,41.5
-66.2,41.6
-66.2,41.7
-66.2,41.8
-66.2,41.9
-66.2,42
-66.2,42.1
-66.2,42.2
-66.2,42.3
-66.2,42.4
-66.2,42.5
-66.2,42.6
-66.2,42.7
-66.2,42.8
-66.2,42.9
-66.2,43
-66.2,43.1
-66.2,43.2
-66.2,43.3
-66.2,43.4
-66.2,43.5
-66.2,43.6
-66.2,43.7
-66.2,43.8
-66.2,43.9
-66.2,44
-66.2,44.1
-66.1,41
-66.1,41.1
-66.1,41.2
-66.1,41.3
-66.1,41.4
-66.1,41.5
-66.1,41.6
-66.1,41.7
-66.1,41.8
-66.1,41.9
-66.1,42
-66.1,42.1
-66.1,42.2
-66.1,42.3
-66.1,42.4
-66.1,42.5
-66.1,42.6
-66.1,42.7
-66.1,42.8
-66.1,42.9
-66.1,43
-66.1,43.1
-66.1,43.2
-66.1,43.3
-66.1,43.4
-66.1,43.5
-66.1,43.6
-66.1,43.7
-66.1,43.8
-66.1,43.9
-66.1,44
-66.1,44.1
-66,41.3
-66,41.4
-66,41.5
-66,41.6
-66,41.7
-66,41.8
-66,41.9
-66,42
-66,42.1
-66,42.2
-66,42.3
-66,42.4
-66,42.5
-66,42.6
-66,42.7
-66,42.8
-66,42.9
-66,43
-66,43.1
-66,43.2
-66,43.3
-66,43.4
-66,43.5
-66,43.6
-66,43.7
-66,43.8
-66,43.9
-65.9,41.3
-65.9,41.4
-65.9,41.5
-65.9,41.6
-65.9,41.7
-65.9,41.8
-65.9,41.9
-65.9,42
-65.9,42.1
-65.9,42.2
-65.9,42.3
-65.9,42.4
-65.9,42.5
-65.9,42.6
-65.9,42.7
-65.9,42.8
-65.9,42.9
-65.9,43
-65.9,43.1
-65.9,43.2
-65.9,43.3
-65.9,43.4
-65.9,43.5
-65.9,43.6
-65.9,43.7
-65.9,43.8
-65.9,43.9
-65.8,41.3
-65.8,41.4
-65.8,41.5
-65.8,41.6
-65.8,41.7
-65.8,41.8
-65.8,41.9
-65.8,42
-65.8,42.1
-65.8,42.2
-65.8,42.3
-65.8,42.4
-65.8,42.5
-65.8,42.6
-65.8,42.7
-65.8,42.8
-65.8,42.9
-65.8,43
-65.8,43.1
-65.8,43.2
-65.8,43.3
-65.8,43.4
-65.8,43.5
-65.8,43.6
-65.7,41.6
-65.7,41.7
-65.7,41.8
-65.7,41.9
-65.7,42
-65.7,42.1
-65.7,42.2
-65.6,41.6
-65.6,41.7
-65.6,41.8
-65.6,41.9
-65.6,42
-65.6,42.1
-65.6,42.2
-65.5,41.6
-65.5,41.7
-65.5,41.8
-65.5,41.9
-65.5,42
-65.5,42.1
